1,ときのそら,https://pbs.twimg.com/profile_images/1226480870048985090/nE0E3xVR_400x400.jpg
2,ロボ子さん,https://pbs.twimg.com/profile_images/1264698587016908800/tmoK1M0n_400x400.jpg
3,さくらみこ,https://pbs.twimg.com/profile_images/1258747350031294466/MF8L4ecA_400x400.jpg
4,白神フブキ,https://pbs.twimg.com/profile_images/1253805002633515010/8J2nB1eT_400x400.png
5,夏色まつり,https://pbs.twimg.com/profile_images/1263142648845500418/ombaSaNG_400x400.jpg
6,赤井はあと,https://pbs.twimg.com/profile_images/1250097544685686784/EHszs8rv_400x400.jpg
7,湊あくあ,https://pbs.twimg.com/profile_images/1243447833170067456/rG_KKOcw_400x400.jpg
8,大空スバル,https://pbs.twimg.com/profile_images/1254546497237954560/fKjCG683_400x400.jpg
9,犬神ミオ,https://pbs.twimg.com/profile_images/1256052407676497920/ChxH1pzZ_400x400.jpg
10,猫又おかゆ,https://pbs.twimg.com/profile_images/1264925244013211648/oYQTf5DB_400x400.jpg
11,犬神ころね,https://pbs.twimg.com/profile_images/1262339742202355718/Y7p79zx4_400x400.jpg
12,宝鐘マリン,https://pbs.twimg.com/profile_images/1258404634885935105/BN7PIVtS_400x400.jpg
13,兎田ぺこら,https://pbs.twimg.com/profile_images/1261616352944484352/W8HDH5l8_400x400.jpg
14,潤羽るしあ,https://pbs.twimg.com/profile_images/1245759973277069313/35ySYh3F_400x400.jpg
15,星街すいせい,https://pbs.twimg.com/profile_images/1223272813529710592/YEozHgbm_400x400.jpg
16,桐生ココ,https://pbs.twimg.com/profile_images/1253659421269389313/Jmm631kV_400x400.jpg
17,天音かなた,https://pbs.twimg.com/profile_images/1263309015661965313/E34lYRNA_400x400.jpg